Product Name,Color,Product URL,Unique Color ID,Price Before,Price After
Ryden Knit Dress,Black,https://www.thereformation.com/products/ryden-knit-dress/1310882TWS.html?dwvar_1310882TWS_color=BLK,B12A3K,$148,$44.40
Ryden Knit Dress,Tan,https://www.thereformation.com/products/ryden-knit-dress/1310882TWS.html?dwvar_1310882TWS_color=TAN,T1N,$148,$44.40
Ryden Knit Dress,Twisted,https://www.thereformation.com/products/ryden-knit-dress/1310882TWS.html?dwvar_1310882TWS_color=TWS,T23I19T5D,$148,$44.40
Domini Dress,Lipstick,https://www.thereformation.com/products/domini-dress/1314673WHT.html?dwvar_1314673WHT_color=LPS,L9P19T9C11,$278,$139
Domini Dress,White,https://www.thereformation.com/products/domini-dress/1314673WHT.html?dwvar_1314673WHT_color=WHT,W8I20E,$278,$139
Jeune Dress,Isla,https://www.thereformation.com/products/jeune-dress/1310804ISL.html?dwvar_1310804ISL_color=ISL,I19L1,$218,$109
Jeune Dress,Layla,https://www.thereformation.com/products/jeune-dress/1310804ISL.html?dwvar_1310804ISL_color=LYA,L1Y12A,$218,$109
Frasier Dress,Forest,https://www.thereformation.com/products/frasier-dress/1310068LUC.html?dwvar_1310068LUC_color=FOE,F15R5S20,$248,$124
Frasier Dress,Lucca,https://www.thereformation.com/products/frasier-dress/1310068LUC.html?dwvar_1310068LUC_color=LUC,L21C3A,$248,$124
Laly Dress,Ivory,https://www.thereformation.com/products/laly-dress/1315401IVO.html?dwvar_1315401IVO_color=IVO,I22O18Y,$248,$74.40
Laly Dress,Red,https://www.thereformation.com/products/laly-dress/1315401IVO.html?dwvar_1315401IVO_color=RED,R5D,$248,$74.40
Grace Linen Two Piece,Black,https://www.thereformation.com/products/grace-linen-two-piece/1314999CZM.html?dwvar_1314999CZM_color=BLK,B12A3K,$248,$74.40
Grace Linen Two Piece,Cozumel,https://www.thereformation.com/products/grace-linen-two-piece/1314999CZM.html?dwvar_1314999CZM_color=CZM,C15Z21M5L,$248,$74.40
Grace Linen Two Piece,Sundried Tomato,https://www.thereformation.com/products/grace-linen-two-piece/1314999CZM.html?dwvar_1314999CZM_color=SDM,S21N4R9E4T15,$248,$74.40
Grace Linen Two Piece,White,https://www.thereformation.com/products/grace-linen-two-piece/1314999CZM.html?dwvar_1314999CZM_color=WHT,W8I20E,$248,$74.40
Mya Dress,Rosato,https://www.thereformation.com/products/mya-dress/1312197ROT.html?dwvar_1312197ROT_color=ROT,R15S1T15,$248,$74.40
Mya Dress,Sagittarius,https://www.thereformation.com/products/mya-dress/1312197ROT.html?dwvar_1312197ROT_color=SGU,S1G9T20A18I21,$248,$74.40
Nila Long Denim Skirt,Galway,https://www.thereformation.com/products/nila-long-denim-skirt/1311890GWY.html?dwvar_1311890GWY_color=GWY,G1L23A25,$168,$84
Nila Long Denim Skirt,Nome,https://www.thereformation.com/products/nila-long-denim-skirt/1311890GWY.html?dwvar_1311890GWY_color=NME,N15M5,$168,$84
Tazz Maxi Denim Skirt,Hemlock,https://www.thereformation.com/products/tazz-maxi-denim-skirt/1311979HML.html?dwvar_1311979HML_color=HML,H5M12O3K,$188,$56.40
Tazz Maxi Denim Skirt,Hemlock Studded,https://www.thereformation.com/products/tazz-maxi-denim-skirt/1311979HML.html?dwvar_1311979HML_color=HMS,H5M12O3K19T21,$188,$56.40
Tazz Maxi Denim Skirt,Liman,https://www.thereformation.com/products/tazz-maxi-denim-skirt/1311979HML.html?dwvar_1311979HML_color=IMA,L9M1N,$188,$56.40
Holt Linen Dress,Danube,https://www.thereformation.com/products/holt-linen-dress/1315006WHT.html?dwvar_1315006WHT_color=DAN,D1N21B5,$218,$109
Holt Linen Dress,White,https://www.thereformation.com/products/holt-linen-dress/1315006WHT.html?dwvar_1315006WHT_color=WHT,W8I20E,$218,$109
Mason Pant,Black Currant,https://www.thereformation.com/products/mason-pant/1305906CML.html?dwvar_1305906CML_color=BKX,B12A3K3U18R1,$178,$89
Mason Pant,Black,https://www.thereformation.com/products/mason-pant/1305906CML.html?dwvar_1305906CML_color=BLK,B12A3K,$178,$89
Mason Pant,Charcoal,https://www.thereformation.com/products/mason-pant/1305906CML.html?dwvar_1305906CML_color=CHC,C8A18C15A12,$178,$89
Mason Pant,Camel,https://www.thereformation.com/products/mason-pant/1305906CML.html?dwvar_1305906CML_color=CML,C1M5L,$178,$89
Mason Pant,Corvette,https://www.thereformation.com/products/mason-pant/1305906CML.html?dwvar_1305906CML_color=CVT,C15R22E20T5,$178,$89
Mason Pant,Khaki,https://www.thereformation.com/products/mason-pant/1305906CML.html?dwvar_1305906CML_color=KHA,K8A11I,$178,$89
Mason Pant,Slate Stripe,https://www.thereformation.com/products/mason-pant/1305906CML.html?dwvar_1305906CML_color=SLP,S12A20E19T18I16,$178,$89
Mason Pant,Sugar,https://www.thereformation.com/products/mason-pant/1305906CML.html?dwvar_1305906CML_color=USG,S21G1R,$178,$89
Mason Pant,Woodland,https://www.thereformation.com/products/mason-pant/1305906CML.html?dwvar_1305906CML_color=WLN,W15O4L1N4,$178,$89
Satori Linen Dress,Avocado,https://www.thereformation.com/products/satori-linen-dress/1314984BOG.html?dwvar_1314984BOG_color=AVO,A22O3A4O,$278,$139
Satori Linen Dress,Blood Orange,https://www.thereformation.com/products/satori-linen-dress/1314984BOG.html?dwvar_1314984BOG_color=BOG,B12O15D15R1N7,$278,$139
Satori Linen Dress,Cafe,https://www.thereformation.com/products/satori-linen-dress/1314984BOG.html?dwvar_1314984BOG_color=CAF,C1F5,$278,$139
Siana Dress,Mink,https://www.thereformation.com/products/siana-dress/1315838PPK.html?dwvar_1315838PPK_color=KNM,M9N11,$278,$83.40
Siana Dress,Paprika,https://www.thereformation.com/products/siana-dress/1315838PPK.html?dwvar_1315838PPK_color=PPK,P1P18I11A,$278,$83.40
Raye Mid Rise 6" Relaxed Jean Shorts,Chesapeake Studded,https://www.thereformation.com/products/raye-mid-rise-6-relaxed-jean-shorts/1312135OLO.html?dwvar_1312135OLO_color=CDD,C8E19A16E1K5,$128,$64
Raye Mid Rise 6" Relaxed Jean Shorts,Fior Di Latte,https://www.thereformation.com/products/raye-mid-rise-6-relaxed-jean-shorts/1312135OLO.html?dwvar_1312135OLO_color=FDL,F9O18D9L1T20,$128,$64
Raye Mid Rise 6" Relaxed Jean Shorts,Galveston,https://www.thereformation.com/products/raye-mid-rise-6-relaxed-jean-shorts/1312135OLO.html?dwvar_1312135OLO_color=GVS,G1L22E19T15N,$128,$64
Raye Mid Rise 6" Relaxed Jean Shorts,Tenaya,https://www.thereformation.com/products/raye-mid-rise-6-relaxed-jean-shorts/1312135OLO.html?dwvar_1312135OLO_color=NEY,T5N1Y1,$128,$64
Raye Mid Rise 6" Relaxed Jean Shorts,Colorado,https://www.thereformation.com/products/raye-mid-rise-6-relaxed-jean-shorts/1312135OLO.html?dwvar_1312135OLO_color=OLO,C15L15R1D15,$128,$64
Delia Linen Dress,Black,https://www.thereformation.com/products/delia-linen-dress/1315256WHT.html?dwvar_1315256WHT_color=BLK,B12A3K,$218,$109
Delia Linen Dress,Sundried Tomato,https://www.thereformation.com/products/delia-linen-dress/1315256WHT.html?dwvar_1315256WHT_color=SDM,S21N4R9E4T15,$218,$109
Delia Linen Dress,White,https://www.thereformation.com/products/delia-linen-dress/1315256WHT.html?dwvar_1315256WHT_color=WHT,W8I20E,$218,$109
Sora Linen Dress,Black,https://www.thereformation.com/products/sora-linen-dress/1314992WHT.html?dwvar_1314992WHT_color=BLK,B12A3K,$248,$124
Sora Linen Dress,Tomato Check,https://www.thereformation.com/products/sora-linen-dress/1314992WHT.html?dwvar_1314992WHT_color=TCK,T15M1T15C8E3,$248,$124
Sora Linen Dress,White,https://www.thereformation.com/products/sora-linen-dress/1314992WHT.html?dwvar_1314992WHT_color=WHT,W8I20E,$248,$124
Jeune Dress,Isla,https://www.thereformation.com/products/jeune-dress/1310804LYA.html?dwvar_1310804LYA_color=ISL,I19L1,$218,$65.40
Jeune Dress,Layla,https://www.thereformation.com/products/jeune-dress/1310804LYA.html?dwvar_1310804LYA_color=LYA,L1Y12A,$218,$65.40
Cherise Linen Dress,Black,https://www.thereformation.com/products/cherise-linen-dress/1315399YDN.html?dwvar_1315399YDN_color=BLK,B12A3K,$298,$89.40
Cherise Linen Dress,White,https://www.thereformation.com/products/cherise-linen-dress/1315399YDN.html?dwvar_1315399YDN_color=WHT,W8I20E,$298,$89.40
Cherise Linen Dress,Cindy,https://www.thereformation.com/products/cherise-linen-dress/1315399YDN.html?dwvar_1315399YDN_color=YDN,C9N4Y,$298,$89.40
Cynthia Stretch High Rise Straight Jeans,Bennett,https://www.thereformation.com/products/cynthia-stretch-high-rise-straight-jeans/1310780UNA.html?dwvar_1310780UNA_color=TTB,B5N14E20T,$168,$84
Cynthia Stretch High Rise Straight Jeans,Fortuna,https://www.thereformation.com/products/cynthia-stretch-high-rise-straight-jeans/1310780UNA.html?dwvar_1310780UNA_color=UNA,F15R20U14A,$168,$84
Cynthia Stretch High Rise Straight Jeans,Vana,https://www.thereformation.com/products/cynthia-stretch-high-rise-straight-jeans/1310780UNA.html?dwvar_1310780UNA_color=VVA,V1N1,$168,$84
Santana Linen Two Piece,Cherry,https://www.thereformation.com/products/santana-linen-two-piece/1314997CHR.html?dwvar_1314997CHR_color=CHR,C8E18R25,$278,$139
Santana Linen Two Piece,Delicacy,https://www.thereformation.com/products/santana-linen-two-piece/1314997CHR.html?dwvar_1314997CHR_color=DCY,D5L9C1C25,$278,$139
Cynthia High Rise Straight Jeans,Star Embroidered Vintage White,https://www.thereformation.com/products/cynthia-high-rise-straight-jeans/1302791VVA.html?dwvar_1302791VVA_color=ARE,S20A18E13B18O9,$168,$84
Cynthia High Rise Straight Jeans,Cloquet,https://www.thereformation.com/products/cynthia-high-rise-straight-jeans/1302791VVA.html?dwvar_1302791VVA_color=CUQ,C12O17U5T,$168,$84
Cynthia High Rise Straight Jeans,Galway,https://www.thereformation.com/products/cynthia-high-rise-straight-jeans/1302791VVA.html?dwvar_1302791VVA_color=GWY,G1L23A25,$168,$84
Cynthia High Rise Straight Jeans,Lanier,https://www.thereformation.com/products/cynthia-high-rise-straight-jeans/1302791VVA.html?dwvar_1302791VVA_color=IER,L1N9E18,$168,$84
Cynthia High Rise Straight Jeans,Liman,https://www.thereformation.com/products/cynthia-high-rise-straight-jeans/1302791VVA.html?dwvar_1302791VVA_color=IMA,L9M1N,$168,$84
Cynthia High Rise Straight Jeans,Ondine,https://www.thereformation.com/products/cynthia-high-rise-straight-jeans/1302791VVA.html?dwvar_1302791VVA_color=NDN,O14D9N5,$168,$84
Cynthia High Rise Straight Jeans,Colorado,https://www.thereformation.com/products/cynthia-high-rise-straight-jeans/1302791VVA.html?dwvar_1302791VVA_color=OLO,C15L15R1D15,$168,$84
Cynthia High Rise Straight Jeans,Vana,https://www.thereformation.com/products/cynthia-high-rise-straight-jeans/1302791VVA.html?dwvar_1302791VVA_color=VVA,V1N1,$168,$84
Cynthia High Rise Straight Jeans,Zebra,https://www.thereformation.com/products/cynthia-high-rise-straight-jeans/1302791VVA.html?dwvar_1302791VVA_color=ZEB,Z5B18A,$168,$84
Satori Linen Dress,Avocado,https://www.thereformation.com/products/satori-linen-dress/1314984CAF.html?dwvar_1314984CAF_color=AVO,A22O3A4O,$278,$139
Satori Linen Dress,Blood Orange,https://www.thereformation.com/products/satori-linen-dress/1314984CAF.html?dwvar_1314984CAF_color=BOG,B12O15D15R1N7,$278,$139
Satori Linen Dress,Cafe,https://www.thereformation.com/products/satori-linen-dress/1314984CAF.html?dwvar_1314984CAF_color=CAF,C1F5,$278,$139
Bibi Dress,Algae Bloom,https://www.thereformation.com/products/bibi-dress/1315417ALG.html?dwvar_1315417ALG_color=ALG,A12G1E2L15O13,$218,$65.40
Bibi Dress,Rio Stripe,https://www.thereformation.com/products/bibi-dress/1315417ALG.html?dwvar_1315417ALG_color=RIJ,R9O19T18I16E,$218,$65.40
Percy Linen Dress,Parmesan,https://www.thereformation.com/products/percy-linen-dress/1315001WHT.html?dwvar_1315001WHT_color=PMN,P1R13E19A14,$278,$139
Percy Linen Dress,Verna,https://www.thereformation.com/products/percy-linen-dress/1315001WHT.html?dwvar_1315001WHT_color=VRR,V5R14A,$278,$139
Percy Linen Dress,White,https://www.thereformation.com/products/percy-linen-dress/1315001WHT.html?dwvar_1315001WHT_color=WHT,W8I20E,$278,$139
Percy Linen Dress,Parmesan,https://www.thereformation.com/products/percy-linen-dress/1315001PMN.html?dwvar_1315001PMN_color=PMN,P1R13E19A14,$278,$139
Percy Linen Dress,Verna,https://www.thereformation.com/products/percy-linen-dress/1315001PMN.html?dwvar_1315001PMN_color=VRR,V5R14A,$278,$139
Percy Linen Dress,White,https://www.thereformation.com/products/percy-linen-dress/1315001PMN.html?dwvar_1315001PMN_color=WHT,W8I20E,$278,$139
Frankie Linen Dress,Dune,https://www.thereformation.com/products/frankie-linen-dress/1312725DNE.html?dwvar_1312725DNE_color=DNE,D21N5,$248,$124
Frankie Linen Dress,Willow,https://www.thereformation.com/products/frankie-linen-dress/1312725DNE.html?dwvar_1312725DNE_color=WIW,W9L12O23,$248,$124
Irisa Dress,Black,https://www.thereformation.com/products/irisa-dress/1313942MNL.html?dwvar_1313942MNL_color=BLK,B12A3K,$278,$139
Irisa Dress,Catnip,https://www.thereformation.com/products/irisa-dress/1313942MNL.html?dwvar_1313942MNL_color=CPN,C1T14I16,$278,$139
Irisa Dress,Grand Dame,https://www.thereformation.com/products/irisa-dress/1313942MNL.html?dwvar_1313942MNL_color=DAM,G18A14D4A13E,$278,$139
Irisa Dress,Cheesecake,https://www.thereformation.com/products/irisa-dress/1313942MNL.html?dwvar_1313942MNL_color=HEE,C8E5S5C1K5,$278,$139
Irisa Dress,Larkspur,https://www.thereformation.com/products/irisa-dress/1313942MNL.html?dwvar_1313942MNL_color=LKU,L1R11S16U18,$278,$139
Irisa Dress,Mineral,https://www.thereformation.com/products/irisa-dress/1313942MNL.html?dwvar_1313942MNL_color=MNL,M9N5R1L,$278,$139
Irisa Dress,Portofino,https://www.thereformation.com/products/irisa-dress/1313942MNL.html?dwvar_1313942MNL_color=PTF,P15R20O6I14O,$278,$139
Julia Ribbed Sweater Tank,Babygirl,https://www.thereformation.com/products/julia-ribbed-sweater-tank/1307908IVO.html?dwvar_1307908IVO_color=BGI,B1B25G9R12,$98,$49
Julia Ribbed Sweater Tank,Ivory,https://www.thereformation.com/products/julia-ribbed-sweater-tank/1307908IVO.html?dwvar_1307908IVO_color=IVO,I22O18Y,$98,$49
Julia Ribbed Sweater Tank,Lipstick,https://www.thereformation.com/products/julia-ribbed-sweater-tank/1307908IVO.html?dwvar_1307908IVO_color=LPS,L9P19T9C11,$98,$49
Marella Linen Top,White,https://www.thereformation.com/products/marella-linen-top/1315468YDN.html?dwvar_1315468YDN_color=WHT,W8I20E,$168,$84
Marella Linen Top,Cindy,https://www.thereformation.com/products/marella-linen-top/1315468YDN.html?dwvar_1315468YDN_color=YDN,C9N4Y,$168,$84
Noha Dress,Juicy,https://www.thereformation.com/products/noha-dress/1305155URL.html?dwvar_1305155URL_color=JUI,J21I3Y,$178,$53.40
Noha Dress,Luv It,https://www.thereformation.com/products/noha-dress/1305155URL.html?dwvar_1305155URL_color=LUV,L21V9T,$178,$53.40
Noha Dress,Palladio,https://www.thereformation.com/products/noha-dress/1305155URL.html?dwvar_1305155URL_color=PLA,P1L12A4I15,$178,$53.40
Noha Dress,Blur,https://www.thereformation.com/products/noha-dress/1305155URL.html?dwvar_1305155URL_color=URL,B12U18,$178,$53.40
Ainsley Linen Dress,Black,https://www.thereformation.com/products/ainsley-linen-dress/1315406WHT.html?dwvar_1315406WHT_color=BLK,B12A3K,$248,$74.40
Ainsley Linen Dress,White,https://www.thereformation.com/products/ainsley-linen-dress/1315406WHT.html?dwvar_1315406WHT_color=WHT,W8I20E,$248,$74.40
Noha Dress,Juicy,https://www.thereformation.com/products/noha-dress/1305155PLA.html?dwvar_1305155PLA_color=JUI,J21I3Y,$148,$44.40
Noha Dress,Luv It,https://www.thereformation.com/products/noha-dress/1305155PLA.html?dwvar_1305155PLA_color=LUV,L21V9T,$148,$44.40
Noha Dress,Palladio,https://www.thereformation.com/products/noha-dress/1305155PLA.html?dwvar_1305155PLA_color=PLA,P1L12A4I15,$148,$44.40
Noha Dress,Blur,https://www.thereformation.com/products/noha-dress/1305155PLA.html?dwvar_1305155PLA_color=URL,B12U18,$148,$44.40
Cynthia High Rise Straight Jeans,Star Embroidered Vintage White,https://www.thereformation.com/products/cynthia-high-rise-straight-jeans/1302791CUQ.html?dwvar_1302791CUQ_color=ARE,S20A18E13B18O9,$168,$84
Cynthia High Rise Straight Jeans,Cloquet,https://www.thereformation.com/products/cynthia-high-rise-straight-jeans/1302791CUQ.html?dwvar_1302791CUQ_color=CUQ,C12O17U5T,$168,$84
Cynthia High Rise Straight Jeans,Galway,https://www.thereformation.com/products/cynthia-high-rise-straight-jeans/1302791CUQ.html?dwvar_1302791CUQ_color=GWY,G1L23A25,$168,$84
Cynthia High Rise Straight Jeans,Lanier,https://www.thereformation.com/products/cynthia-high-rise-straight-jeans/1302791CUQ.html?dwvar_1302791CUQ_color=IER,L1N9E18,$168,$84
Cynthia High Rise Straight Jeans,Liman,https://www.thereformation.com/products/cynthia-high-rise-straight-jeans/1302791CUQ.html?dwvar_1302791CUQ_color=IMA,L9M1N,$168,$84
Cynthia High Rise Straight Jeans,Ondine,https://www.thereformation.com/products/cynthia-high-rise-straight-jeans/1302791CUQ.html?dwvar_1302791CUQ_color=NDN,O14D9N5,$168,$84
Cynthia High Rise Straight Jeans,Colorado,https://www.thereformation.com/products/cynthia-high-rise-straight-jeans/1302791CUQ.html?dwvar_1302791CUQ_color=OLO,C15L15R1D15,$168,$84
Cynthia High Rise Straight Jeans,Vana,https://www.thereformation.com/products/cynthia-high-rise-straight-jeans/1302791CUQ.html?dwvar_1302791CUQ_color=VVA,V1N1,$168,$84
Cynthia High Rise Straight Jeans,Zebra,https://www.thereformation.com/products/cynthia-high-rise-straight-jeans/1302791CUQ.html?dwvar_1302791CUQ_color=ZEB,Z5B18A,$168,$84
Overland Linen Top,Black,https://www.thereformation.com/products/overland-linen-top/1304329DNK.html?dwvar_1304329DNK_color=BLK,B12A3K,$98,$49
Overland Linen Top,Chartreuse Dot,https://www.thereformation.com/products/overland-linen-top/1304329DNK.html?dwvar_1304329DNK_color=CRH,C8A18T18E21S5,$98,$49
Overland Linen Top,Dandelion Check,https://www.thereformation.com/products/overland-linen-top/1304329DNK.html?dwvar_1304329DNK_color=DNK,D1N4E12I15N3,$98,$49
Overland Linen Top,White,https://www.thereformation.com/products/overland-linen-top/1304329DNK.html?dwvar_1304329DNK_color=WHT,W8I20E,$98,$49
Pavia Knit Dress,Black,https://www.thereformation.com/products/pavia-knit-dress/1314980BLK.html?dwvar_1314980BLK_color=BLK,B12A3K,$148,$74
Pavia Knit Dress,Dried Herbs,https://www.thereformation.com/products/pavia-knit-dress/1314980BLK.html?dwvar_1314980BLK_color=DHB,D18I5D8E18B19,$148,$74
Malvina Linen Dress,Danube,https://www.thereformation.com/products/malvina-linen-dress/1315470ECD.html?dwvar_1315470ECD_color=DAN,D1N21B5,$248,$124
Malvina Linen Dress,Eclipse Dot,https://www.thereformation.com/products/malvina-linen-dress/1315470ECD.html?dwvar_1315470ECD_color=ECD,E3L9P19E4O20,$248,$124
Malvina Linen Dress,White,https://www.thereformation.com/products/malvina-linen-dress/1315470ECD.html?dwvar_1315470ECD_color=WHT,W8I20E,$248,$124
Amara Dress,Black,https://www.thereformation.com/products/amara-dress/1312724TRB.html?dwvar_1312724TRB_color=BLK,B12A3K,$178,$89
Amara Dress,Flambe,https://www.thereformation.com/products/amara-dress/1312724TRB.html?dwvar_1312724TRB_color=FAB,F12A13B5,$178,$89
Amara Dress,Tribune Stripe,https://www.thereformation.com/products/amara-dress/1312724TRB.html?dwvar_1312724TRB_color=TRB,T18I2U14E19T18,$178,$89
Bibi Dress,Algae Bloom,https://www.thereformation.com/products/bibi-dress/1315417RIJ.html?dwvar_1315417RIJ_color=ALG,A12G1E2L15O13,$218,$65.40
Bibi Dress,Rio Stripe,https://www.thereformation.com/products/bibi-dress/1315417RIJ.html?dwvar_1315417RIJ_color=RIJ,R9O19T18I16E,$218,$65.40
Yesenia Silk Dress,Artichoke,https://www.thereformation.com/products/yesenia-silk-dress/1315442LDI.html?dwvar_1315442LDI_color=AKO,A18T9C8O11E,$328,$98.40
Yesenia Silk Dress,Las Dalias,https://www.thereformation.com/products/yesenia-silk-dress/1315442LDI.html?dwvar_1315442LDI_color=LDI,L1S4A12I1S,$328,$98.40
Yesenia Silk Dress,Macadamia,https://www.thereformation.com/products/yesenia-silk-dress/1315442LDI.html?dwvar_1315442LDI_color=MDI,M1C1D1M9A,$328,$98.40
Yesenia Silk Dress,Waves,https://www.thereformation.com/products/yesenia-silk-dress/1315442LDI.html?dwvar_1315442LDI_color=WVS,W1V5S,$328,$98.40
Malorie Silk Dress,Black,https://www.thereformation.com/products/malorie-silk-dress/1315836LFA.html?dwvar_1315836LFA_color=BLK,B12A3K,$348,$104.40
Malorie Silk Dress,Fior Di Latte,https://www.thereformation.com/products/malorie-silk-dress/1315836LFA.html?dwvar_1315836LFA_color=FDL,F9O18D9L1T20,$348,$104.40
Malorie Silk Dress,Leaf,https://www.thereformation.com/products/malorie-silk-dress/1315836LFA.html?dwvar_1315836LFA_color=LFA,L5A6,$348,$104.40
Dillon Linen Top,Napoli,https://www.thereformation.com/products/dillon-linen-top/1310236NPO.html?dwvar_1310236NPO_color=NPO,N1P15L9,$128,$64
Dillon Linen Top,Reign,https://www.thereformation.com/products/dillon-linen-top/1310236NPO.html?dwvar_1310236NPO_color=REI,R5I7N,$128,$64
Ariadne Dress,Black,https://www.thereformation.com/products/ariadne-dress/1315460PCK.html?dwvar_1315460PCK_color=BLK,B12A3K,$398,$119.40
Ariadne Dress,Peacock,https://www.thereformation.com/products/ariadne-dress/1315460PCK.html?dwvar_1315460PCK_color=PCK,P5A3O3K,$398,$119.40
Arella Linen Dress,Mineral,https://www.thereformation.com/products/arella-linen-dress/1316098MNL.html?dwvar_1316098MNL_color=MNL,M9N5R1L,$218,$109
Arella Linen Dress,Tartine Check,https://www.thereformation.com/products/arella-linen-dress/1316098MNL.html?dwvar_1316098MNL_color=TTC,T1R20I14E3H5,$218,$109
Arella Linen Dress,White,https://www.thereformation.com/products/arella-linen-dress/1316098MNL.html?dwvar_1316098MNL_color=WHT,W8I20E,$218,$109
Abby High Rise Straight Jeans,Fior Di Latte,https://www.thereformation.com/products/abby-high-rise-straight-jeans/1313655FDL.html?dwvar_1313655FDL_color=FDL,F9O18D9L1T20,$168,$50.40
Abby High Rise Straight Jeans,Galway,https://www.thereformation.com/products/abby-high-rise-straight-jeans/1313655FDL.html?dwvar_1313655FDL_color=GWY,G1L23A25,$168,$50.40
Abby High Rise Straight Jeans,Lanier,https://www.thereformation.com/products/abby-high-rise-straight-jeans/1313655FDL.html?dwvar_1313655FDL_color=IER,L1N9E18,$168,$50.40
Abby High Rise Straight Jeans,Tenaya,https://www.thereformation.com/products/abby-high-rise-straight-jeans/1313655FDL.html?dwvar_1313655FDL_color=NEY,T5N1Y1,$168,$50.40
Abby High Rise Straight Jeans,Vana,https://www.thereformation.com/products/abby-high-rise-straight-jeans/1313655FDL.html?dwvar_1313655FDL_color=VVA,V1N1,$168,$50.40
Abby High Rise Straight Jeans,Ozark Vented,https://www.thereformation.com/products/abby-high-rise-straight-jeans/1313655FDL.html?dwvar_1313655FDL_color=ZVE,O26A18K22E14T5,$168,$50.40
Remi Cropped Linen Pant,Sundried Tomato,https://www.thereformation.com/products/remi-cropped-linen-pant/1314955SDM.html?dwvar_1314955SDM_color=SDM,S21N4R9E4T15,$178,$53.40
Remi Cropped Linen Pant,Vineyard,https://www.thereformation.com/products/remi-cropped-linen-pant/1314955SDM.html?dwvar_1314955SDM_color=VND,V9N5Y1R4,$178,$53.40
Remi Cropped Linen Pant,White,https://www.thereformation.com/products/remi-cropped-linen-pant/1314955SDM.html?dwvar_1314955SDM_color=WHT,W8I20E,$178,$53.40
Raye Mid Rise 6" Relaxed Jean Shorts,Chesapeake Studded,https://www.thereformation.com/products/raye-mid-rise-6-relaxed-jean-shorts/1312135FDL.html?dwvar_1312135FDL_color=CDD,C8E19A16E1K5,$128,$38.40
Raye Mid Rise 6" Relaxed Jean Shorts,Fior Di Latte,https://www.thereformation.com/products/raye-mid-rise-6-relaxed-jean-shorts/1312135FDL.html?dwvar_1312135FDL_color=FDL,F9O18D9L1T20,$128,$38.40
Raye Mid Rise 6" Relaxed Jean Shorts,Galveston,https://www.thereformation.com/products/raye-mid-rise-6-relaxed-jean-shorts/1312135FDL.html?dwvar_1312135FDL_color=GVS,G1L22E19T15N,$128,$38.40
Raye Mid Rise 6" Relaxed Jean Shorts,Tenaya,https://www.thereformation.com/products/raye-mid-rise-6-relaxed-jean-shorts/1312135FDL.html?dwvar_1312135FDL_color=NEY,T5N1Y1,$128,$38.40
Raye Mid Rise 6" Relaxed Jean Shorts,Colorado,https://www.thereformation.com/products/raye-mid-rise-6-relaxed-jean-shorts/1312135FDL.html?dwvar_1312135FDL_color=OLO,C15L15R1D15,$128,$38.40
Aribella Silk Dress,Orange Crush,https://www.thereformation.com/products/aribella-silk-dress/1308640EGC.html?dwvar_1308640EGC_color=EGC,O18A14G5C18U19,$278,$83.40
Aribella Silk Dress,Malibu Sunrise,https://www.thereformation.com/products/aribella-silk-dress/1308640EGC.html?dwvar_1308640EGC_color=RNU,M1L9B21S21N18,$278,$83.40
Meryl Linen Top,Tea Time,https://www.thereformation.com/products/meryl-linen-top/1314677TTE.html?dwvar_1314677TTE_color=TTE,T5A20I13E,$168,$84
Meryl Linen Top,White,https://www.thereformation.com/products/meryl-linen-top/1314677TTE.html?dwvar_1314677TTE_color=WHT,W8I20E,$168,$84
Aribella Silk Dress,Orange Crush,https://www.thereformation.com/products/aribella-silk-dress/1308640RNU.html?dwvar_1308640RNU_color=EGC,O18A14G5C18U19,$278,$83.40
Aribella Silk Dress,Malibu Sunrise,https://www.thereformation.com/products/aribella-silk-dress/1308640RNU.html?dwvar_1308640RNU_color=RNU,M1L9B21S21N18,$278,$83.40
Carolena Dress,Frolic,https://www.thereformation.com/products/carolena-dress/1307960MMY.html?dwvar_1307960MMY_color=FRO,F18O12I3,$248,$74.40
Carolena Dress,Meryl,https://www.thereformation.com/products/carolena-dress/1307960MMY.html?dwvar_1307960MMY_color=MMY,M5R25L,$248,$74.40
Avina Linen Dress,Black,https://www.thereformation.com/products/avina-linen-dress/1315408PNB.html?dwvar_1315408PNB_color=BLK,B12A3K,$198,$99
Avina Linen Dress,Knot,https://www.thereformation.com/products/avina-linen-dress/1315408PNB.html?dwvar_1315408PNB_color=KOT,K14O20,$198,$99
Avina Linen Dress,Parisian Blue,https://www.thereformation.com/products/avina-linen-dress/1315408PNB.html?dwvar_1315408PNB_color=PNB,P1R9S9A14B12,$198,$99
Stormi Dress,Dusk,https://www.thereformation.com/products/stormi-dress/1315009WHT.html?dwvar_1315009WHT_color=DSK,D21S11,$248,$124
Stormi Dress,White,https://www.thereformation.com/products/stormi-dress/1315009WHT.html?dwvar_1315009WHT_color=WHT,W8I20E,$248,$124
Malibu Linen Dress,Avocado,https://www.thereformation.com/products/malibu-linen-dress/1315265BLK.html?dwvar_1315265BLK_color=AVO,A22O3A4O,$278,$139
Malibu Linen Dress,Black,https://www.thereformation.com/products/malibu-linen-dress/1315265BLK.html?dwvar_1315265BLK_color=BLK,B12A3K,$278,$139
Malibu Linen Dress,Sunflower,https://www.thereformation.com/products/malibu-linen-dress/1315265BLK.html?dwvar_1315265BLK_color=SFW,S21N6L15W5R,$278,$139
Malibu Linen Dress,Tuscan Sun,https://www.thereformation.com/products/malibu-linen-dress/1315265BLK.html?dwvar_1315265BLK_color=TCS,T21S3A14S21N,$278,$139
Irene Linen Jacket,Parmesan,https://www.thereformation.com/products/irene-linen-jacket/1314746VND.html?dwvar_1314746VND_color=PMN,P1R13E19A14,$268,$134
Irene Linen Jacket,Sundried Tomato,https://www.thereformation.com/products/irene-linen-jacket/1314746VND.html?dwvar_1314746VND_color=SDM,S21N4R9E4T15,$268,$134
Irene Linen Jacket,Slate Check,https://www.thereformation.com/products/irene-linen-jacket/1314746VND.html?dwvar_1314746VND_color=STC,S12A20E3H5C11,$268,$134
Irene Linen Jacket,Vineyard,https://www.thereformation.com/products/irene-linen-jacket/1314746VND.html?dwvar_1314746VND_color=VND,V9N5Y1R4,$268,$134
Mason Cropped Pant,Light Khaki,https://www.thereformation.com/products/mason-cropped-pant/1312368LKI.html?dwvar_1312368LKI_color=LKI,L9G8T11H1K9,$178,$89
Mason Cropped Pant,Oyster,https://www.thereformation.com/products/mason-cropped-pant/1312368LKI.html?dwvar_1312368LKI_color=OYS,O25S20E18,$178,$89
Mason Pant,Black Currant,https://www.thereformation.com/products/mason-pant/1305906CVT.html?dwvar_1305906CVT_color=BKX,B12A3K3U18R1,$178,$53.40
Mason Pant,Black,https://www.thereformation.com/products/mason-pant/1305906CVT.html?dwvar_1305906CVT_color=BLK,B12A3K,$178,$53.40
Mason Pant,Charcoal,https://www.thereformation.com/products/mason-pant/1305906CVT.html?dwvar_1305906CVT_color=CHC,C8A18C15A12,$178,$53.40
Mason Pant,Camel,https://www.thereformation.com/products/mason-pant/1305906CVT.html?dwvar_1305906CVT_color=CML,C1M5L,$178,$53.40
Mason Pant,Corvette,https://www.thereformation.com/products/mason-pant/1305906CVT.html?dwvar_1305906CVT_color=CVT,C15R22E20T5,$178,$53.40
Mason Pant,Khaki,https://www.thereformation.com/products/mason-pant/1305906CVT.html?dwvar_1305906CVT_color=KHA,K8A11I,$178,$53.40
Mason Pant,Slate Stripe,https://www.thereformation.com/products/mason-pant/1305906CVT.html?dwvar_1305906CVT_color=SLP,S12A20E19T18I16,$178,$53.40
Mason Pant,Sugar,https://www.thereformation.com/products/mason-pant/1305906CVT.html?dwvar_1305906CVT_color=USG,S21G1R,$178,$53.40
Mason Pant,Woodland,https://www.thereformation.com/products/mason-pant/1305906CVT.html?dwvar_1305906CVT_color=WLN,W15O4L1N4,$178,$53.40
Emerick Dress,Bonbon,https://www.thereformation.com/products/emerick-dress/1312448DEC.html?dwvar_1312448DEC_color=BBN,B15N2O14,$198,$99
Emerick Dress,Decoupage,https://www.thereformation.com/products/emerick-dress/1312448DEC.html?dwvar_1312448DEC_color=DEC,D5C15U16A7E,$198,$99
Emerick Dress,Fresno,https://www.thereformation.com/products/emerick-dress/1312448DEC.html?dwvar_1312448DEC_color=FNO,F18E19N15,$198,$99
Emerick Dress,Leo,https://www.thereformation.com/products/emerick-dress/1312448DEC.html?dwvar_1312448DEC_color=LEE,L5O,$198,$99
Suki Dress,Avocado,https://www.thereformation.com/products/suki-dress/1314500LRZ.html?dwvar_1314500LRZ_color=AVO,A22O3A4O,$248,$124
Suki Dress,Fior Di Latte,https://www.thereformation.com/products/suki-dress/1314500LRZ.html?dwvar_1314500LRZ_color=FDL,F9O18D9L1T20,$248,$124
Suki Dress,Sanguine,https://www.thereformation.com/products/suki-dress/1314500LRZ.html?dwvar_1314500LRZ_color=INE,S1N7U9N5,$248,$124
Suki Dress,Lorenza,https://www.thereformation.com/products/suki-dress/1314500LRZ.html?dwvar_1314500LRZ_color=LRZ,L15R5N26A,$248,$124
Suki Dress,Navy,https://www.thereformation.com/products/suki-dress/1314500LRZ.html?dwvar_1314500LRZ_color=NVY,N1V25,$248,$124
Suki Dress,Mole,https://www.thereformation.com/products/suki-dress/1314500LRZ.html?dwvar_1314500LRZ_color=OOL,M15L5,$248,$124
Lila Silk Dress,Milla,https://www.thereformation.com/products/lila-silk-dress/1315267WPH.html?dwvar_1315267WPH_color=MMA,M9L12A,$278,$139
Lila Silk Dress,White Peach,https://www.thereformation.com/products/lila-silk-dress/1315267WPH.html?dwvar_1315267WPH_color=WPH,W8I20E16E1C8,$278,$139
Juliette Dress,Artemis,https://www.thereformation.com/products/juliette-dress/1304968ATI.html?dwvar_1304968ATI_color=ATI,A18T5M9S,$248,$124
Juliette Dress,Rose Petals,https://www.thereformation.com/products/juliette-dress/1304968ATI.html?dwvar_1304968ATI_color=RES,R15S5P5T1L19,$248,$124
Remi Cropped Linen Pant,Sundried Tomato,https://www.thereformation.com/products/remi-cropped-linen-pant/1314955WHT.html?dwvar_1314955WHT_color=SDM,S21N4R9E4T15,$178,$53.40
Remi Cropped Linen Pant,Vineyard,https://www.thereformation.com/products/remi-cropped-linen-pant/1314955WHT.html?dwvar_1314955WHT_color=VND,V9N5Y1R4,$178,$53.40
Remi Cropped Linen Pant,White,https://www.thereformation.com/products/remi-cropped-linen-pant/1314955WHT.html?dwvar_1314955WHT_color=WHT,W8I20E,$178,$53.40
Malibu Linen Dress,Avocado,https://www.thereformation.com/products/malibu-linen-dress/1315265SFW.html?dwvar_1315265SFW_color=AVO,A22O3A4O,$278,$83.40
Malibu Linen Dress,Black,https://www.thereformation.com/products/malibu-linen-dress/1315265SFW.html?dwvar_1315265SFW_color=BLK,B12A3K,$278,$83.40
Malibu Linen Dress,Sunflower,https://www.thereformation.com/products/malibu-linen-dress/1315265SFW.html?dwvar_1315265SFW_color=SFW,S21N6L15W5R,$278,$83.40
Malibu Linen Dress,Tuscan Sun,https://www.thereformation.com/products/malibu-linen-dress/1315265SFW.html?dwvar_1315265SFW_color=TCS,T21S3A14S21N,$278,$83.40
Dasha Silk Dress,Algae Bloom,https://www.thereformation.com/products/dasha-silk-dress/1315938MOR.html?dwvar_1315938MOR_color=ALG,A12G1E2L15O13,$348,$104.40
Dasha Silk Dress,Morel,https://www.thereformation.com/products/dasha-silk-dress/1315938MOR.html?dwvar_1315938MOR_color=MOR,M15R5L,$348,$104.40
Paige Top,Black,https://www.thereformation.com/products/paige-top/1314952WHT.html?dwvar_1314952WHT_color=BLK,B12A3K,$148,$59.20
Paige Top,White,https://www.thereformation.com/products/paige-top/1314952WHT.html?dwvar_1314952WHT_color=WHT,W8I20E,$148,$59.20
Dillon Linen Top,Napoli,https://www.thereformation.com/products/dillon-linen-top/1310236REI.html?dwvar_1310236REI_color=NPO,N1P15L9,$128,$38.40
Dillon Linen Top,Reign,https://www.thereformation.com/products/dillon-linen-top/1310236REI.html?dwvar_1310236REI_color=REI,R5I7N,$128,$38.40
Parma Dress,Consuelo,https://www.thereformation.com/products/parma-dress/1313232CSE.html?dwvar_1313232CSE_color=CSE,C15N19U5L15,$298,$89.40
Parma Dress,Super Bloom,https://www.thereformation.com/products/parma-dress/1313232CSE.html?dwvar_1313232CSE_color=SBM,S21P5R2L15O13,$298,$89.40
Selah Silk Dress,Black,https://www.thereformation.com/products/selah-silk-dress/1315459LEE.html?dwvar_1315459LEE_color=BLK,B12A3K,$378,$113.40
Selah Silk Dress,Leo,https://www.thereformation.com/products/selah-silk-dress/1315459LEE.html?dwvar_1315459LEE_color=LEE,L5O,$378,$113.40
Selah Silk Dress,Tarragon,https://www.thereformation.com/products/selah-silk-dress/1315459LEE.html?dwvar_1315459LEE_color=TAV,T1R18A7O14,$378,$113.40
Selah Silk Dress,Blue Iris,https://www.thereformation.com/products/selah-silk-dress/1315459LEE.html?dwvar_1315459LEE_color=UER,B12U5I18I19,$378,$113.40
Topanga Dress,Alma,https://www.thereformation.com/products/topanga-dress/1314674LKU.html?dwvar_1314674LKU_color=AAM,A12M1,$198,$99
Topanga Dress,Larkspur,https://www.thereformation.com/products/topanga-dress/1314674LKU.html?dwvar_1314674LKU_color=LKU,L1R11S16U18,$198,$99
Parma Silk Dress,Black,https://www.thereformation.com/products/parma-silk-dress/1308597LFA.html?dwvar_1308597LFA_color=BLK,B12A3K,$348,$139.20
Parma Silk Dress,Beatriz,https://www.thereformation.com/products/parma-silk-dress/1308597LFA.html?dwvar_1308597LFA_color=BTZ,B5A20R9Z,$348,$139.20
Parma Silk Dress,Diamante,https://www.thereformation.com/products/parma-silk-dress/1308597LFA.html?dwvar_1308597LFA_color=DIT,D9A13A14T5,$348,$139.20
Parma Silk Dress,Golden Hour,https://www.thereformation.com/products/parma-silk-dress/1308597LFA.html?dwvar_1308597LFA_color=GDU,G15L4E14H15U18,$348,$139.20
Parma Silk Dress,Leaf,https://www.thereformation.com/products/parma-silk-dress/1308597LFA.html?dwvar_1308597LFA_color=LFA,L5A6,$348,$139.20
Parma Silk Dress,Lipstick,https://www.thereformation.com/products/parma-silk-dress/1308597LFA.html?dwvar_1308597LFA_color=LPS,L9P19T9C11,$348,$139.20
Parma Silk Dress,Night Garden,https://www.thereformation.com/products/parma-silk-dress/1308597LFA.html?dwvar_1308597LFA_color=NGD,N9G8T7A18D5,$348,$139.20
Parma Silk Dress,Popsicle Stripe,https://www.thereformation.com/products/parma-silk-dress/1308597LFA.html?dwvar_1308597LFA_color=PSI,P15P19I3L5S20,$348,$139.20
Parma Silk Dress,Swoon,https://www.thereformation.com/products/parma-silk-dress/1308597LFA.html?dwvar_1308597LFA_color=SWO,S23O15N,$348,$139.20
Riah Silk Dress,Aquamarine,https://www.thereformation.com/products/riah-silk-dress/1315038NVY.html?dwvar_1315038NVY_color=AQM,A17U1M1R9N5,$428,$128.40
Riah Silk Dress,Navy,https://www.thereformation.com/products/riah-silk-dress/1315038NVY.html?dwvar_1315038NVY_color=NVY,N1V25,$428,$128.40
Laken Dress,Freddie,https://www.thereformation.com/products/laken-dress/1313680FFF.html?dwvar_1313680FFF_color=FFF,F18E4D9E,$248,$74.40
Laken Dress,Leo,https://www.thereformation.com/products/laken-dress/1313680FFF.html?dwvar_1313680FFF_color=LEE,L5O,$248,$74.40
Laken Dress,Verdigris,https://www.thereformation.com/products/laken-dress/1313680FFF.html?dwvar_1313680FFF_color=VDR,V5R4I7R9S,$248,$74.40
Belva Silk Dress,Fior Di Latte,https://www.thereformation.com/products/belva-silk-dress/1313943FDL.html?dwvar_1313943FDL_color=FDL,F9O18D9L1T20,$278,$139
Belva Silk Dress,Sangre,https://www.thereformation.com/products/belva-silk-dress/1313943FDL.html?dwvar_1313943FDL_color=SNG,S1N7R5,$278,$139
Isabeli Linen Dress,Black,https://www.thereformation.com/products/isabeli-linen-dress/1314874WHT.html?dwvar_1314874WHT_color=BLK,B12A3K,$218,$109
Isabeli Linen Dress,Ginger,https://www.thereformation.com/products/isabeli-linen-dress/1314874WHT.html?dwvar_1314874WHT_color=GGR,G9N7E18,$218,$109
Isabeli Linen Dress,Parmesan,https://www.thereformation.com/products/isabeli-linen-dress/1314874WHT.html?dwvar_1314874WHT_color=PMN,P1R13E19A14,$218,$109
Isabeli Linen Dress,White,https://www.thereformation.com/products/isabeli-linen-dress/1314874WHT.html?dwvar_1314874WHT_color=WHT,W8I20E,$218,$109
Ethan Twill Pant,Black,https://www.thereformation.com/products/ethan-twill-pant/1312654SLA.html?dwvar_1312654SLA_color=BLK,B12A3K,$198,$99
Ethan Twill Pant,Olive Oil,https://www.thereformation.com/products/ethan-twill-pant/1312654SLA.html?dwvar_1312654SLA_color=OLI,O12I22E15I12,$198,$99
Ethan Twill Pant,Slate,https://www.thereformation.com/products/ethan-twill-pant/1312654SLA.html?dwvar_1312654SLA_color=SLA,S12A20E,$198,$99
Santana Linen Two Piece,Cherry,https://www.thereformation.com/products/santana-linen-two-piece/1314997DCY.html?dwvar_1314997DCY_color=CHR,C8E18R25,$278,$139
Santana Linen Two Piece,Delicacy,https://www.thereformation.com/products/santana-linen-two-piece/1314997DCY.html?dwvar_1314997DCY_color=DCY,D5L9C1C25,$278,$139
Wilder High Rise Relaxed Jean Shorts,Atwood,https://www.thereformation.com/products/wilder-high-rise-relaxed-jean-shorts/1312142FDL.html?dwvar_1312142FDL_color=ATW,A20W15O4,$128,$64
Wilder High Rise Relaxed Jean Shorts,Donner,https://www.thereformation.com/products/wilder-high-rise-relaxed-jean-shorts/1312142FDL.html?dwvar_1312142FDL_color=DNN,D15N14E18,$128,$64
Wilder High Rise Relaxed Jean Shorts,Lethe,https://www.thereformation.com/products/wilder-high-rise-relaxed-jean-shorts/1312142FDL.html?dwvar_1312142FDL_color=EHT,L5T8E,$128,$64
Wilder High Rise Relaxed Jean Shorts,Fior Di Latte,https://www.thereformation.com/products/wilder-high-rise-relaxed-jean-shorts/1312142FDL.html?dwvar_1312142FDL_color=FDL,F9O18D9L1T20,$128,$64
Wilder High Rise Relaxed Jean Shorts,Galway,https://www.thereformation.com/products/wilder-high-rise-relaxed-jean-shorts/1312142FDL.html?dwvar_1312142FDL_color=GWY,G1L23A25,$128,$64
Wilder High Rise Relaxed Jean Shorts,Vana,https://www.thereformation.com/products/wilder-high-rise-relaxed-jean-shorts/1312142FDL.html?dwvar_1312142FDL_color=VVA,V1N1,$128,$64
Beyonca Knit Dress,Au Naturale,https://www.thereformation.com/products/beyonca-knit-dress/1312705HNH.html?dwvar_1312705HNH_color=AUN,A21N1T21R1L5,$178,$53.40
Beyonca Knit Dress,Hannah,https://www.thereformation.com/products/beyonca-knit-dress/1312705HNH.html?dwvar_1312705HNH_color=HNH,H1N14A8,$178,$53.40
Tillie Linen Short,Black,https://www.thereformation.com/products/tillie-linen-short/1315715TCS.html?dwvar_1315715TCS_color=BLK,B12A3K,$98,$49
Tillie Linen Short,Slate Check,https://www.thereformation.com/products/tillie-linen-short/1315715TCS.html?dwvar_1315715TCS_color=STC,S12A20E3H5C11,$98,$49
Tillie Linen Short,Tuscan Sun,https://www.thereformation.com/products/tillie-linen-short/1315715TCS.html?dwvar_1315715TCS_color=TCS,T21S3A14S21N,$98,$49
Tillie Linen Short,White,https://www.thereformation.com/products/tillie-linen-short/1315715TCS.html?dwvar_1315715TCS_color=WHT,W8I20E,$98,$49
Brielle Skirt,Cream,https://www.thereformation.com/products/brielle-skirt/1313795PNK.html?dwvar_1313795PNK_color=CRM,C18E1M,$168,$84
Brielle Skirt,Pink,https://www.thereformation.com/products/brielle-skirt/1313795PNK.html?dwvar_1313795PNK_color=PNK,P9N11,$168,$84
Remi Dress,Fresno,https://www.thereformation.com/products/remi-dress/1307173RLO.html?dwvar_1307173RLO_color=FNO,F18E19N15,$218,$109
Remi Dress,Lover,https://www.thereformation.com/products/remi-dress/1307173RLO.html?dwvar_1307173RLO_color=RLO,L15V5R,$218,$109
Amorette Linen Dress,Delicacy,https://www.thereformation.com/products/amorette-linen-dress/1314861DCY.html?dwvar_1314861DCY_color=DCY,D5L9C1C25,$198,$99
Amorette Linen Dress,Sunflower,https://www.thereformation.com/products/amorette-linen-dress/1314861DCY.html?dwvar_1314861DCY_color=SFW,S21N6L15W5R,$198,$99
Dasha Silk Dress,Algae Bloom,https://www.thereformation.com/products/dasha-silk-dress/1315938ALG.html?dwvar_1315938ALG_color=ALG,A12G1E2L15O13,$348,$104.40
Dasha Silk Dress,Morel,https://www.thereformation.com/products/dasha-silk-dress/1315938ALG.html?dwvar_1315938ALG_color=MOR,M15R5L,$348,$104.40
Cherrie Dress,Horizon,https://www.thereformation.com/products/cherrie-dress/1316047HZN.html?dwvar_1316047HZN_color=HZN,H15R9Z15N,$248,$74.40
Cherrie Dress,White,https://www.thereformation.com/products/cherrie-dress/1316047HZN.html?dwvar_1316047HZN_color=WHT,W8I20E,$248,$74.40
Lupe Knit Dress,Black,https://www.thereformation.com/products/lupe-knit-dress/1315439USG.html?dwvar_1315439USG_color=BLK,B12A3K,$218,$65.40
Lupe Knit Dress,Sugar,https://www.thereformation.com/products/lupe-knit-dress/1315439USG.html?dwvar_1315439USG_color=USG,S21G1R,$218,$65.40
Annalisa Dress,Azul,https://www.thereformation.com/products/annalisa-dress/1315857CXY.html?dwvar_1315857CXY_color=AZZ,A26U12,$298,$89.40
Annalisa Dress,Cayo,https://www.thereformation.com/products/annalisa-dress/1315857CXY.html?dwvar_1315857CXY_color=CXY,C1Y15,$298,$89.40
Nadira Dress,Countryside,https://www.thereformation.com/products/nadira-dress/1310624HVY.html?dwvar_1310624HVY_color=CSW,C15U14T18Y19I4,$278,$139
Nadira Dress,Heavenly,https://www.thereformation.com/products/nadira-dress/1310624HVY.html?dwvar_1310624HVY_color=HVY,H5A22E14L25,$278,$139
Nadira Dress,Malia,https://www.thereformation.com/products/nadira-dress/1310624HVY.html?dwvar_1310624HVY_color=MAL,M1L9A,$278,$139
Alana Two Piece,Kelly Green,https://www.thereformation.com/products/alana-two-piece/1315882KLG.html?dwvar_1315882KLG_color=KLG,K5L12Y7R5E14,$278,$83.40
Alana Two Piece,Tomato Check,https://www.thereformation.com/products/alana-two-piece/1315882KLG.html?dwvar_1315882KLG_color=TCK,T15M1T15C8E3,$278,$83.40
Elly Dress,Black,https://www.thereformation.com/products/elly-dress/1311621WHT.html?dwvar_1311621WHT_color=BLK,B12A3K,$278,$139
Elly Dress,Chianti,https://www.thereformation.com/products/elly-dress/1311621WHT.html?dwvar_1311621WHT_color=CHN,C8I1N20I,$278,$139
Elly Dress,White,https://www.thereformation.com/products/elly-dress/1311621WHT.html?dwvar_1311621WHT_color=WHT,W8I20E,$278,$139
Nila Long Denim Skirt,Galway,https://www.thereformation.com/products/nila-long-denim-skirt/1311890NME.html?dwvar_1311890NME_color=GWY,G1L23A25,$168,$84
Nila Long Denim Skirt,Nome,https://www.thereformation.com/products/nila-long-denim-skirt/1311890NME.html?dwvar_1311890NME_color=NME,N15M5,$168,$84
Adina Low Waist Skirt,Black,https://www.thereformation.com/products/adina-low-waist-skirt/1314923USG.html?dwvar_1314923USG_color=BLK,B12A3K,$148,$74
Adina Low Waist Skirt,Cayo,https://www.thereformation.com/products/adina-low-waist-skirt/1314923USG.html?dwvar_1314923USG_color=CXY,C1Y15,$148,$74
Adina Low Waist Skirt,Sugar,https://www.thereformation.com/products/adina-low-waist-skirt/1314923USG.html?dwvar_1314923USG_color=USG,S21G1R,$148,$74
Alana Two Piece,Kelly Green,https://www.thereformation.com/products/alana-two-piece/1315882TCK.html?dwvar_1315882TCK_color=KLG,K5L12Y7R5E14,$278,$83.40
Alana Two Piece,Tomato Check,https://www.thereformation.com/products/alana-two-piece/1315882TCK.html?dwvar_1315882TCK_color=TCK,T15M1T15C8E3,$278,$83.40
Elowyn Dress,Icy Seafoam,https://www.thereformation.com/products/elowyn-dress/1315456ISF.html?dwvar_1315456ISF_color=ISF,I3Y19E1F15A13,$448,$134.40
Elowyn Dress,Lavender,https://www.thereformation.com/products/elowyn-dress/1315456ISF.html?dwvar_1315456ISF_color=LAV,L1V5N4E18,$448,$134.40
Mariska Dress,Chianti,https://www.thereformation.com/products/mariska-dress/1315427CHN.html?dwvar_1315427CHN_color=CHN,C8I1N20I,$278,$83.40
Mariska Dress,Ochre,https://www.thereformation.com/products/mariska-dress/1315427CHN.html?dwvar_1315427CHN_color=OCR,O3H18E,$278,$83.40
Mariska Dress,Silver Turquoise,https://www.thereformation.com/products/mariska-dress/1315427CHN.html?dwvar_1315427CHN_color=STQ,S9L22E18T21R17,$278,$83.40
Aviana Dress,Black,https://www.thereformation.com/products/aviana-dress/1314899BLK.html?dwvar_1314899BLK_color=BLK,B12A3K,$218,$109
Aviana Dress,Crystalline,https://www.thereformation.com/products/aviana-dress/1314899BLK.html?dwvar_1314899BLK_color=CRY,C18Y19T1L12I14,$218,$109
Maves Dress,Almond,https://www.thereformation.com/products/maves-dress/1311870CHR.html?dwvar_1311870CHR_color=ALO,A12M15N4,$298,$89.40
Maves Dress,Black,https://www.thereformation.com/products/maves-dress/1311870CHR.html?dwvar_1311870CHR_color=BLK,B12A3K,$298,$89.40
Maves Dress,Cherry,https://www.thereformation.com/products/maves-dress/1311870CHR.html?dwvar_1311870CHR_color=CHR,C8E18R25,$298,$89.40
Maves Dress,Moonlight Velvet,https://www.thereformation.com/products/maves-dress/1311870CHR.html?dwvar_1311870CHR_color=MOV,M15O14L9G8T22,$298,$89.40
Remi Cropped Linen Pant,Sundried Tomato,https://www.thereformation.com/products/remi-cropped-linen-pant/1314955VND.html?dwvar_1314955VND_color=SDM,S21N4R9E4T15,$178,$53.40
Remi Cropped Linen Pant,Vineyard,https://www.thereformation.com/products/remi-cropped-linen-pant/1314955VND.html?dwvar_1314955VND_color=VND,V9N5Y1R4,$178,$53.40
Remi Cropped Linen Pant,White,https://www.thereformation.com/products/remi-cropped-linen-pant/1314955VND.html?dwvar_1314955VND_color=WHT,W8I20E,$178,$53.40
Catarina Dress,Cream Dot,https://www.thereformation.com/products/catarina-dress/1310695VBC.html?dwvar_1310695VBC_color=DCD,C18E1M4O20,$218,$109
Catarina Dress,Brava,https://www.thereformation.com/products/catarina-dress/1310695VBC.html?dwvar_1310695VBC_color=RAV,B18A22A,$218,$109
Catarina Dress,Slate Check,https://www.thereformation.com/products/catarina-dress/1310695VBC.html?dwvar_1310695VBC_color=STC,S12A20E3H5C11,$218,$109
Catarina Dress,Vintage Blue Check,https://www.thereformation.com/products/catarina-dress/1310695VBC.html?dwvar_1310695VBC_color=VBC,V9N20A7E2L21,$218,$109
Catarina Dress,White,https://www.thereformation.com/products/catarina-dress/1310695VBC.html?dwvar_1310695VBC_color=WHT,W8I20E,$218,$109
Elowyn Dress,Icy Seafoam,https://www.thereformation.com/products/elowyn-dress/1315456LAV.html?dwvar_1315456LAV_color=ISF,I3Y19E1F15A13,$448,$134.40
Elowyn Dress,Lavender,https://www.thereformation.com/products/elowyn-dress/1315456LAV.html?dwvar_1315456LAV_color=LAV,L1V5N4E18,$448,$134.40
Aurelia Skirt,Blue Tweed,https://www.thereformation.com/products/aurelia-skirt/1314633WHT.html?dwvar_1314633WHT_color=TWB,B12U5T23E5D,$168,$84
Aurelia Skirt,White,https://www.thereformation.com/products/aurelia-skirt/1314633WHT.html?dwvar_1314633WHT_color=WHT,W8I20E,$168,$84
Valli Linen Dress,Nectarine,https://www.thereformation.com/products/valli-linen-dress/1315935WHT.html?dwvar_1315935WHT_color=NCE,N5C20A18I14E,$228,$68.40
Valli Linen Dress,Parisian Blue,https://www.thereformation.com/products/valli-linen-dress/1315935WHT.html?dwvar_1315935WHT_color=PNB,P1R9S9A14B12,$228,$68.40
Valli Linen Dress,White,https://www.thereformation.com/products/valli-linen-dress/1315935WHT.html?dwvar_1315935WHT_color=WHT,W8I20E,$228,$68.40
Magnus Dress,Patience,https://www.thereformation.com/products/magnus-dress/1312571SDR.html?dwvar_1312571SDR_color=PTN,P1T9E14C5,$298,$89.40
Magnus Dress,Snapdragon,https://www.thereformation.com/products/magnus-dress/1312571SDR.html?dwvar_1312571SDR_color=SDR,S14A16D18A7O14,$298,$89.40
Magnus Dress,Tea Garden,https://www.thereformation.com/products/magnus-dress/1312571SDR.html?dwvar_1312571SDR_color=TEA,T5A7A18D5N,$298,$89.40
Eydie Dress,Black,https://www.thereformation.com/products/eydie-dress/1314687WHT.html?dwvar_1314687WHT_color=BLK,B12A3K,$248,$99.20
Eydie Dress,White,https://www.thereformation.com/products/eydie-dress/1314687WHT.html?dwvar_1314687WHT_color=WHT,W8I20E,$248,$99.20
Willene Dress,Charcoal,https://www.thereformation.com/products/willene-dress/1313652SSO.html?dwvar_1313652SSO_color=CHC,C8A18C15A12,$248,$124
Willene Dress,Espresso,https://www.thereformation.com/products/willene-dress/1313652SSO.html?dwvar_1313652SSO_color=SSO,E19P18E19S15,$248,$124
Mariska Dress,Chianti,https://www.thereformation.com/products/mariska-dress/1315427OCR.html?dwvar_1315427OCR_color=CHN,C8I1N20I,$278,$83.40
Mariska Dress,Ochre,https://www.thereformation.com/products/mariska-dress/1315427OCR.html?dwvar_1315427OCR_color=OCR,O3H18E,$278,$83.40
Mariska Dress,Silver Turquoise,https://www.thereformation.com/products/mariska-dress/1315427OCR.html?dwvar_1315427OCR_color=STQ,S9L22E18T21R17,$278,$83.40
Emery Linen Top,Lipstick,https://www.thereformation.com/products/emery-linen-top/1315681WHT.html?dwvar_1315681WHT_color=LPS,L9P19T9C11,$168,$50.40
Emery Linen Top,White,https://www.thereformation.com/products/emery-linen-top/1315681WHT.html?dwvar_1315681WHT_color=WHT,W8I20E,$168,$50.40
Canice Dress,Ivory Lace,https://www.thereformation.com/products/canice-dress/1313932IVS.html?dwvar_1313932IVS_color=IVS,I22O18Y12A3E,$298,$89.40
Canice Dress,Black Lace,https://www.thereformation.com/products/canice-dress/1313932IVS.html?dwvar_1313932IVS_color=LCK,B12A3K12A3E,$298,$89.40
Petites Blanca Skirt,Pink Black Embellished,https://www.thereformation.com/products/petites-blanca-skirt/1315691GES.html?dwvar_1315691GES_color=BEM,P9N11B12A3K5,$198,$59.40
Petites Blanca Skirt,Black Green Embellished,https://www.thereformation.com/products/petites-blanca-skirt/1315691GES.html?dwvar_1315691GES_color=GES,B12A3K7R5E14,$198,$59.40
Reia Linen Dress,Black,https://www.thereformation.com/products/reia-linen-dress/1313223DHB.html?dwvar_1313223DHB_color=BLK,B12A3K,$228,$114
Reia Linen Dress,Dried Herbs,https://www.thereformation.com/products/reia-linen-dress/1313223DHB.html?dwvar_1313223DHB_color=DHB,D18I5D8E18B19,$228,$114
Reia Linen Dress,Jodie,https://www.thereformation.com/products/reia-linen-dress/1313223DHB.html?dwvar_1313223DHB_color=JOD,J15D9E,$228,$114
Reia Linen Dress,White,https://www.thereformation.com/products/reia-linen-dress/1313223DHB.html?dwvar_1313223DHB_color=WHT,W8I20E,$228,$114
Zada Dress,Black,https://www.thereformation.com/products/zada-dress/1313812BLK.html?dwvar_1313812BLK_color=BLK,B12A3K,$228,$68.40
Zada Dress,Ivory,https://www.thereformation.com/products/zada-dress/1313812BLK.html?dwvar_1313812BLK_color=IVO,I22O18Y,$228,$68.40
Carolena Dress,Frolic,https://www.thereformation.com/products/carolena-dress/1307960FRO.html?dwvar_1307960FRO_color=FRO,F18O12I3,$248,$124
Carolena Dress,Meryl,https://www.thereformation.com/products/carolena-dress/1307960FRO.html?dwvar_1307960FRO_color=MMY,M5R25L,$248,$124
Zoe Skirt,Black,https://www.thereformation.com/products/zoe-skirt/1303173BTZ.html?dwvar_1303173BTZ_color=BLK,B12A3K,$158,$47.40
Zoe Skirt,Beatriz,https://www.thereformation.com/products/zoe-skirt/1303173BTZ.html?dwvar_1303173BTZ_color=BTZ,B5A20R9Z,$158,$47.40
Zoe Skirt,Caviar Dot,https://www.thereformation.com/products/zoe-skirt/1303173BTZ.html?dwvar_1303173BTZ_color=CVD,C1V9A18D15T,$158,$47.40
Zoe Skirt,Eliza,https://www.thereformation.com/products/zoe-skirt/1303173BTZ.html?dwvar_1303173BTZ_color=ELZ,E12I26A,$158,$47.40
Zoe Skirt,Last Tango,https://www.thereformation.com/products/zoe-skirt/1303173BTZ.html?dwvar_1303173BTZ_color=LTG,L1S20T1N7O,$158,$47.40
Zoe Skirt,Marie,https://www.thereformation.com/products/zoe-skirt/1303173BTZ.html?dwvar_1303173BTZ_color=MRE,M1R9E,$158,$47.40
Zoe Skirt,Tempo,https://www.thereformation.com/products/zoe-skirt/1303173BTZ.html?dwvar_1303173BTZ_color=TMZ,T5M16O,$158,$47.40
Antonia Bra,Black,https://www.thereformation.com/products/antonia-bra/1315425BLK.html?dwvar_1315425BLK_color=BLK,B12A3K,$98,$29.40
Antonia Bra,Light Pink,https://www.thereformation.com/products/antonia-bra/1315425BLK.html?dwvar_1315425BLK_color=LTP,L9G8T16I14K,$98,$29.40
Cynthia High Rise Straight Cropped Jeans,Lanier,https://www.thereformation.com/products/cynthia-high-rise-straight-cropped-jeans/1304447VVA.html?dwvar_1304447VVA_color=IER,L1N9E18,$168,$84
Cynthia High Rise Straight Cropped Jeans,Ondine,https://www.thereformation.com/products/cynthia-high-rise-straight-cropped-jeans/1304447VVA.html?dwvar_1304447VVA_color=NDN,O14D9N5,$168,$84
Cynthia High Rise Straight Cropped Jeans,Colorado,https://www.thereformation.com/products/cynthia-high-rise-straight-cropped-jeans/1304447VVA.html?dwvar_1304447VVA_color=OLO,C15L15R1D15,$168,$84
Cynthia High Rise Straight Cropped Jeans,Vana,https://www.thereformation.com/products/cynthia-high-rise-straight-cropped-jeans/1304447VVA.html?dwvar_1304447VVA_color=VVA,V1N1,$168,$84
Jacques Long Fitted Blazer,Chocolate Brown,https://www.thereformation.com/products/jacques-long-fitted-blazer/1313283GTP.html?dwvar_1313283GTP_color=CCW,C8O3O12A20E2,$298,$89.40
Jacques Long Fitted Blazer,Grey Pinstripe,https://www.thereformation.com/products/jacques-long-fitted-blazer/1313283GTP.html?dwvar_1313283GTP_color=GTP,G18E25P9N19T18,$298,$89.40
Danika Dress Es,Palm Green,https://www.thereformation.com/products/danika-dress-es/1312515PRN.html?dwvar_1312515PRN_color=PAG,P1L13G18E5N,$248,$74.40
Danika Dress Es,Prune,https://www.thereformation.com/products/danika-dress-es/1312515PRN.html?dwvar_1312515PRN_color=PRN,P18U14E,$248,$74.40
Satori Linen Dress,Avocado,https://www.thereformation.com/products/satori-linen-dress/1314984AVO.html?dwvar_1314984AVO_color=AVO,A22O3A4O,$278,$139
Satori Linen Dress,Blood Orange,https://www.thereformation.com/products/satori-linen-dress/1314984AVO.html?dwvar_1314984AVO_color=BOG,B12O15D15R1N7,$278,$139
Satori Linen Dress,Cafe,https://www.thereformation.com/products/satori-linen-dress/1314984AVO.html?dwvar_1314984AVO_color=CAF,C1F5,$278,$139
Luella Dress,Black,https://www.thereformation.com/products/luella-dress/1314880USG.html?dwvar_1314880USG_color=BLK,B12A3K,$248,$124
Luella Dress,Sugar,https://www.thereformation.com/products/luella-dress/1314880USG.html?dwvar_1314880USG_color=USG,S21G1R,$248,$124
Madrigal Satin Dress,Artichoke,https://www.thereformation.com/products/madrigal-satin-dress/1312677AKO.html?dwvar_1312677AKO_color=AKO,A18T9C8O11E,$278,$83.40
Madrigal Satin Dress,Black,https://www.thereformation.com/products/madrigal-satin-dress/1312677AKO.html?dwvar_1312677AKO_color=BLK,B12A3K,$278,$83.40
Lanie Linen Dress,Parisian Blue,https://www.thereformation.com/products/lanie-linen-dress/1315871WHT.html?dwvar_1315871WHT_color=PNB,P1R9S9A14B12,$218,$65.40
Lanie Linen Dress,White,https://www.thereformation.com/products/lanie-linen-dress/1315871WHT.html?dwvar_1315871WHT_color=WHT,W8I20E,$218,$65.40
Poppy Ribbed Mini Dress,Shitake,https://www.thereformation.com/products/poppy-ribbed-mini-dress/1315189GSS.html?dwvar_1315189GSS_color=AKE,S8I20A11E,$198,$99
Poppy Ribbed Mini Dress,Gossamer,https://www.thereformation.com/products/poppy-ribbed-mini-dress/1315189GSS.html?dwvar_1315189GSS_color=GSS,G15S19A13E18,$198,$99
